-- Fate_Qin_Data_1
-- Author: HaoJun0823
-- DateCreated: 2/19/2019 3:26:41 PM
--------------------------------------------------------------

-- Single Conditions

INSERT INTO Requirements (RequirementId, RequirementType) VALUES 
("REQUIREMENT_FATE_QIN_PLAYER_HAS_GOLDEN_AGE", "REQUIREMENT_PLAYER_HAS_GOLDEN_AGE");

-- Conditions Group

INSERT INTO RequirementSets (RequirementSetId, RequirementSetType) VALUES 
("REQUIREMENT_SET_FATE_QIN_PLAYER_GOLD_AGE", "REQUIREMENTSET_TEST_ALL");

INSERT INTO RequirementSetRequirements (RequirementSetId, RequirementId) VALUES 
("REQUIREMENT_SET_FATE_QIN_PLAYER_GOLD_AGE", "REQUIREMENT_FATE_QIN_PLAYER_HAS_GOLDEN_AGE");



INSERT INTO TraitModifiers (TraitType, ModifierId) VALUES 
("TRAIT_CIVILIZATION_QIN_DESC", "TRAIT_FATE_QIN_GOLD_AGE");

INSERT INTO Modifiers (ModifierId, ModifierType, RunOnce, Permanent, NewOnly, OwnerRequirementSetId, SubjectRequirementSetId) VALUES 
("TRAIT_FATE_QIN_GOLD_AGE", "MODIFIER_PLAYER_ADJUST_TOURISM", 0, 0, 0, "REQUIREMENT_SET_FATE_QIN_PLAYER_GOLD_AGE", NULL);

INSERT INTO ModifierArguments (ModifierId, Name, Value) VALUES 
("TRAIT_FATE_QIN_GOLD_AGE", "Amount", 200);


INSERT INTO TraitModifiers (TraitType, ModifierId) VALUES 
("TRAIT_CIVILIZATION_QIN_DESC", "TRAIT_FATE_QIN_GOLD_AGE_BOMB");

INSERT INTO Modifiers (ModifierId, ModifierType, RunOnce, Permanent, NewOnly, OwnerRequirementSetId, SubjectRequirementSetId) VALUES 
("TRAIT_FATE_QIN_GOLD_AGE_BOMB", "MODIFIER_PLAYER_ADD_CULTURE_BOMB_TRIGGER", 0, 0, 0, "REQUIREMENT_SET_FATE_QIN_PLAYER_GOLD_AGE", NULL);

INSERT INTO ModifierArguments (ModifierId, Name, Value) VALUES 
("TRAIT_FATE_QIN_GOLD_AGE_BOMB", "DistrictType", "DISTRICT_INDUSTRIAL_ZONE_FATE_QIN_X"), 
("TRAIT_FATE_QIN_GOLD_AGE_BOMB", "ImprovementType", "IMPROVEMENT_FATE_QIN_GREAT_WALL");


INSERT INTO TraitModifiers (TraitType, ModifierId) VALUES 
("TRAIT_CIVILIZATION_QIN_DESC", "TRAIT_FATE_QIN_GOLD_AGE_ENVOYS");

INSERT INTO Modifiers (ModifierId, ModifierType, RunOnce, Permanent, NewOnly, OwnerRequirementSetId, SubjectRequirementSetId) VALUES 
("TRAIT_FATE_QIN_GOLD_AGE_ENVOYS", "MODIFIER_PLAYER_GOVERNMENT_FLAT_BONUS", 0, 0, 0, "REQUIREMENT_SET_FATE_QIN_PLAYER_GOLD_AGE", NULL);

INSERT INTO ModifierArguments (ModifierId, Name, Value) VALUES 
("TRAIT_FATE_QIN_GOLD_AGE_ENVOYS", "Amount", 6), 
("TRAIT_FATE_QIN_GOLD_AGE_ENVOYS", "BonusType", "GOVERNMENTBONUS_ENVOYS");

------------------------------------------------------------

-- Single Conditions

INSERT INTO Requirements (RequirementId, RequirementType) VALUES 
("REQUIREMENT_FATE_QIN_PLAYER_HAS_DARK_AGE", "REQUIREMENT_PLAYER_HAS_DARK_AGE");

-- Conditions Group

INSERT INTO RequirementSets (RequirementSetId, RequirementSetType) VALUES 
("REQUIREMENT_SET_FATE_QIN_PLAYER_DARK_AGE", "REQUIREMENTSET_TEST_ALL");

INSERT INTO RequirementSetRequirements (RequirementSetId, RequirementId) VALUES 
("REQUIREMENT_SET_FATE_QIN_PLAYER_DARK_AGE", "REQUIREMENT_FATE_QIN_PLAYER_HAS_DARK_AGE");




INSERT INTO TraitModifiers (TraitType, ModifierId) VALUES 
("TRAIT_CIVILIZATION_QIN_DESC", "TRAIT_FATE_QIN_DARK_AGE_COMBAT_EXP");

INSERT INTO Modifiers (ModifierId, ModifierType, RunOnce, Permanent, NewOnly, OwnerRequirementSetId, SubjectRequirementSetId) VALUES 
("TRAIT_FATE_QIN_DARK_AGE_COMBAT_EXP", "MODIFIER_PLAYER_GOVERNMENT_FLAT_BONUS", 0, 0, 0, "REQUIREMENT_SET_FATE_QIN_PLAYER_DARK_AGE", NULL);

INSERT INTO ModifierArguments (ModifierId, Name, Value) VALUES 
("TRAIT_FATE_QIN_DARK_AGE_COMBAT_EXP", "Amount", 200), 
("TRAIT_FATE_QIN_DARK_AGE_COMBAT_EXP", "BonusType", "GOVERNMENTBONUS_COMBAT_EXPERIENCE");


INSERT INTO TraitModifiers (TraitType, ModifierId) VALUES 
("TRAIT_CIVILIZATION_QIN_DESC", "TRAIT_FATE_QIN_DARK_AGE_COMBAT_UNIT_PRODUCTION");

INSERT INTO Modifiers (ModifierId, ModifierType, RunOnce, Permanent, NewOnly, OwnerRequirementSetId, SubjectRequirementSetId) VALUES 
("TRAIT_FATE_QIN_DARK_AGE_COMBAT_UNIT_PRODUCTION", "MODIFIER_PLAYER_GOVERNMENT_FLAT_BONUS", 0, 0, 0, "REQUIREMENT_SET_FATE_QIN_PLAYER_DARK_AGE", NULL);

INSERT INTO ModifierArguments (ModifierId, Name, Value) VALUES 
("TRAIT_FATE_QIN_DARK_AGE_COMBAT_UNIT_PRODUCTION", "Amount", 100), 
("TRAIT_FATE_QIN_DARK_AGE_COMBAT_UNIT_PRODUCTION", "BonusType", "GOVERNMENTBONUS_UNIT_PRODUCTION");

INSERT INTO TraitModifiers (TraitType, ModifierId) VALUES 
("TRAIT_CIVILIZATION_QIN_DESC", "TRAIT_FATE_QIN_DARK_AGE_COMBAT_GOLD_PURCHASES");

INSERT INTO Modifiers (ModifierId, ModifierType, RunOnce, Permanent, NewOnly, OwnerRequirementSetId, SubjectRequirementSetId) VALUES 
("TRAIT_FATE_QIN_DARK_AGE_COMBAT_GOLD_PURCHASES", "MODIFIER_PLAYER_GOVERNMENT_FLAT_BONUS", 0, 0, 0, "REQUIREMENT_SET_FATE_QIN_PLAYER_DARK_AGE", NULL);

INSERT INTO ModifierArguments (ModifierId, Name, Value) VALUES 
("TRAIT_FATE_QIN_DARK_AGE_COMBAT_GOLD_PURCHASES", "Amount", 50), 
("TRAIT_FATE_QIN_DARK_AGE_COMBAT_GOLD_PURCHASES", "BonusType", "GOVERNMENTBONUS_GOLD_PURCHASES");

INSERT INTO TraitModifiers (TraitType, ModifierId) VALUES 
("TRAIT_CIVILIZATION_QIN_DESC", "TRAIT_FATE_QIN_DARK_AGE_COMBAT_FAITH_PURCHASES");

INSERT INTO Modifiers (ModifierId, ModifierType, RunOnce, Permanent, NewOnly, OwnerRequirementSetId, SubjectRequirementSetId) VALUES 
("TRAIT_FATE_QIN_DARK_AGE_COMBAT_FAITH_PURCHASES", "MODIFIER_PLAYER_GOVERNMENT_FLAT_BONUS", 0, 0, 0, "REQUIREMENT_SET_FATE_QIN_PLAYER_DARK_AGE", NULL);

INSERT INTO ModifierArguments (ModifierId, Name, Value) VALUES 
("TRAIT_FATE_QIN_DARK_AGE_COMBAT_FAITH_PURCHASES", "Amount", 50), 
("TRAIT_FATE_QIN_DARK_AGE_COMBAT_FAITH_PURCHASES", "BonusType", "GOVERNMENTBONUS_FAITH_PURCHASES");

------------------------------------------------------------


-- Single Conditions

INSERT INTO Requirements (RequirementId, RequirementType) VALUES 
("REQUIREMENT_FATE_QIN_PLAYER_HAS_WONDER_POTALA_PALACE", "REQUIREMENT_PLAYER_HAS_BUILDING");

INSERT INTO RequirementArguments (RequirementId, Name, Value) VALUES 
("REQUIREMENT_FATE_QIN_PLAYER_HAS_WONDER_POTALA_PALACE", "BuildingType", "BUILDING_POTALA_PALACE");

-- Conditions Group

INSERT INTO RequirementSets (RequirementSetId, RequirementSetType) VALUES 
("REQUIREMENT_SET_FATE_QIN_PLAYER_HAS_WONDER_POTALA_PALACE", "REQUIREMENTSET_TEST_ALL");

INSERT INTO RequirementSetRequirements (RequirementSetId, RequirementId) VALUES 
("REQUIREMENT_SET_FATE_QIN_PLAYER_HAS_WONDER_POTALA_PALACE", "REQUIREMENT_FATE_QIN_PLAYER_HAS_WONDER_POTALA_PALACE");



INSERT INTO TraitModifiers (TraitType, ModifierId) VALUES 
("TRAIT_CIVILIZATION_QIN_DESC", "REQUIREMENT_SET_FATE_QIN_PLAYER_HAS_WONDER_POTALA_PALACE_HOUSING");

INSERT INTO Modifiers (ModifierId, ModifierType, RunOnce, Permanent, NewOnly, OwnerRequirementSetId, SubjectRequirementSetId) VALUES 
("REQUIREMENT_SET_FATE_QIN_PLAYER_HAS_WONDER_POTALA_PALACE_HOUSING", "MODIFIER_PLAYER_DISTRICTS_ADJUST_HOUSING", 0, 0, 0, "REQUIREMENT_SET_FATE_QIN_PLAYER_HAS_WONDER_POTALA_PALACE", NULL);

INSERT INTO ModifierArguments (ModifierId, Name, Value) VALUES 
("REQUIREMENT_SET_FATE_QIN_PLAYER_HAS_WONDER_POTALA_PALACE_HOUSING", "Amount", 30);

INSERT INTO TraitModifiers (TraitType, ModifierId) VALUES 
("TRAIT_CIVILIZATION_QIN_DESC", "REQUIREMENT_SET_FATE_QIN_PLAYER_HAS_WONDER_POTALA_PALACE_WEARINESS");

INSERT INTO Modifiers (ModifierId, ModifierType, RunOnce, Permanent, NewOnly, OwnerRequirementSetId, SubjectRequirementSetId) VALUES 
("REQUIREMENT_SET_FATE_QIN_PLAYER_HAS_WONDER_POTALA_PALACE_WEARINESS", "MODIFIER_PLAYER_ADJUST_WAR_WEARINESS", 0, 0, 0, "REQUIREMENT_SET_FATE_QIN_PLAYER_HAS_WONDER_POTALA_PALACE", NULL);

INSERT INTO ModifierArguments (ModifierId, Name, Value) VALUES 
("REQUIREMENT_SET_FATE_QIN_PLAYER_HAS_WONDER_POTALA_PALACE_WEARINESS", "Amount", -100), 
("REQUIREMENT_SET_FATE_QIN_PLAYER_HAS_WONDER_POTALA_PALACE_WEARINESS", "Domestic", ""), 
("REQUIREMENT_SET_FATE_QIN_PLAYER_HAS_WONDER_POTALA_PALACE_WEARINESS", "Enemy", ""), 
("REQUIREMENT_SET_FATE_QIN_PLAYER_HAS_WONDER_POTALA_PALACE_WEARINESS", "Overall", 1);


INSERT INTO TraitModifiers (TraitType, ModifierId) VALUES 
("TRAIT_CIVILIZATION_QIN_DESC", "REQUIREMENT_SET_FATE_QIN_PLAYER_HAS_WONDER_POTALA_PALACE_DEFENSE");

INSERT INTO Modifiers (ModifierId, ModifierType, RunOnce, Permanent, NewOnly, OwnerRequirementSetId, SubjectRequirementSetId) VALUES 
("REQUIREMENT_SET_FATE_QIN_PLAYER_HAS_WONDER_POTALA_PALACE_DEFENSE", "MODIFIER_PLAYER_CITIES_ADJUST_OUTER_DEFENSE", 0, 0, 0, "REQUIREMENT_SET_FATE_QIN_PLAYER_HAS_WONDER_FORBIDDEN", NULL);

INSERT INTO ModifierArguments (ModifierId, Name, Value) VALUES 
("REQUIREMENT_SET_FATE_QIN_PLAYER_HAS_WONDER_POTALA_PALACE_DEFENSE", "Amount", 12);

INSERT INTO TraitModifiers (TraitType, ModifierId) VALUES 
("TRAIT_CIVILIZATION_QIN_DESC", "REQUIREMENT_SET_FATE_QIN_PLAYER_HAS_WONDER_POTALA_PALACE_EXTRA_DISTRICT");

INSERT INTO Modifiers (ModifierId, ModifierType, RunOnce, Permanent, NewOnly, OwnerRequirementSetId, SubjectRequirementSetId) VALUES 
("REQUIREMENT_SET_FATE_QIN_PLAYER_HAS_WONDER_POTALA_PALACE_EXTRA_DISTRICT", "MODIFIER_PLAYER_CITIES_EXTRA_DISTRICT", 0, 0, 0, "REQUIREMENT_SET_FATE_QIN_PLAYER_HAS_WONDER_POTALA_PALACE", NULL);

INSERT INTO ModifierArguments (ModifierId, Name, Value) VALUES 
("REQUIREMENT_SET_FATE_QIN_PLAYER_HAS_WONDER_POTALA_PALACE_EXTRA_DISTRICT", "Amount", 999);


-------------------------------------------

-- Single Conditions

INSERT INTO Requirements (RequirementId, RequirementType) VALUES 
("REQUIREMENT_CITY_FATE_QIN_HAS_GONVERNOR", "REQUIREMENT_CITY_HAS_GOVERNOR");

-- Conditions Group

INSERT INTO RequirementSets (RequirementSetId, RequirementSetType) VALUES 
("REQUIREMENT_SET_CITY_FATE_QIN_HAS_GONVERNOR", "REQUIREMENTSET_TEST_ALL");

INSERT INTO RequirementSetRequirements (RequirementSetId, RequirementId) VALUES 
("REQUIREMENT_SET_CITY_FATE_QIN_HAS_GONVERNOR", "REQUIREMENT_CITY_FATE_QIN_HAS_GONVERNOR");

INSERT INTO TraitModifiers (TraitType, ModifierId) VALUES 
("FATE_QIN_FIRST_EMPEROR_TRAIT", "TRAIT_CITY_FATE_QIN_HAS_GONVERNOR_GOLD");

INSERT INTO Modifiers (ModifierId, ModifierType, RunOnce, Permanent, NewOnly, OwnerRequirementSetId, SubjectRequirementSetId) VALUES 
("TRAIT_CITY_FATE_QIN_HAS_GONVERNOR_GOLD", "MODIFIER_CITY_ADJUST_CITIZEN_GOLD_PER_TURN", 0, 0, 0, "REQUIREMENT_SET_CITY_FATE_QIN_HAS_GONVERNOR", NULL);

INSERT INTO ModifierArguments (ModifierId, Name, Value) VALUES 
("TRAIT_CITY_FATE_QIN_HAS_GONVERNOR_GOLD", "Amount", 3);

INSERT INTO TraitModifiers (TraitType, ModifierId) VALUES 
("FATE_QIN_FIRST_EMPEROR_TRAIT", "TRAIT_CITY_FATE_QIN_HAS_HARVEST_BONUS");

INSERT INTO Modifiers (ModifierId, ModifierType, RunOnce, Permanent, NewOnly, OwnerRequirementSetId, SubjectRequirementSetId) VALUES 
("TRAIT_CITY_FATE_QIN_HAS_HARVEST_BONUS", "MODIFIER_CITY_ADJUST_RESOURCE_HARVEST_BONUS", 0, 0, 0, "REQUIREMENT_SET_CITY_FATE_QIN_HAS_GONVERNOR", NULL);

INSERT INTO ModifierArguments (ModifierId, Name, Value) VALUES 
("TRAIT_CITY_FATE_QIN_HAS_HARVEST_BONUS", "Amount", 100);


INSERT INTO TraitModifiers (TraitType, ModifierId) VALUES 
("FATE_QIN_FIRST_EMPEROR_TRAIT", "TRAIT_CITY_FATE_QIN_MOVEMENT");

INSERT INTO Modifiers (ModifierId, ModifierType, RunOnce, Permanent, NewOnly, OwnerRequirementSetId, SubjectRequirementSetId) VALUES 
("TRAIT_CITY_FATE_QIN_MOVEMENT", "MODIFIER_CITY_TRAINED_UNITS_ADJUST_MOVEMENT", 0, 0, 0, "REQUIREMENT_SET_CITY_FATE_QIN_HAS_GONVERNOR", NULL);

INSERT INTO ModifierArguments (ModifierId, Name, Value) VALUES 
("TRAIT_CITY_FATE_QIN_MOVEMENT", "Amount", 2);

INSERT INTO TraitModifiers (TraitType, ModifierId) VALUES 
("FATE_QIN_FIRST_EMPEROR_TRAIT", "TRAIT_CITY_FATE_QIN_PURCHASE_DISTRICTS");

INSERT INTO Modifiers (ModifierId, ModifierType, RunOnce, Permanent, NewOnly, OwnerRequirementSetId, SubjectRequirementSetId) VALUES 
("TRAIT_CITY_FATE_QIN_PURCHASE_DISTRICTS", "MODIFIER_CITY_ADJUST_CAN_PURCHASE_DISTRICTS", 0, 0, 0, "REQUIREMENT_SET_CITY_FATE_QIN_HAS_GONVERNOR", NULL);

INSERT INTO ModifierArguments (ModifierId, Name, Value) VALUES 
("TRAIT_CITY_FATE_QIN_PURCHASE_DISTRICTS", "CanPurchase", 1);

-----------------------------------------------------------------------------------------------------------------------------------


INSERT INTO TraitModifiers (TraitType, ModifierId) VALUES 
("FATE_QIN_FIRST_EMPEROR_TRAIT", "TRAIT_FATE_QIN_CITY_HAS_DISTRICT_WONDER");

INSERT INTO Modifiers (ModifierId, ModifierType, RunOnce, Permanent, NewOnly, OwnerRequirementSetId, SubjectRequirementSetId) VALUES 
("TRAIT_FATE_QIN_CITY_HAS_DISTRICT_WONDER", "MODIFIER_CITY_ADJUST_SIEGE_PROTECTION", 0, 0, 0, "REQUIREMENT_SET_FATE_QIN_HAS_DISTRICT_WONDER", NULL);

INSERT INTO ModifierArguments (ModifierId, Name, Value) VALUES 
("TRAIT_FATE_QIN_CITY_HAS_DISTRICT_WONDER", "Protected", 1);








