-- Fate_Qin_Data_0
-- Author: HaoJun0823
-- DateCreated: 2/19/2019 1:33:03 AM
--------------------------------------------------------------


-- Single Conditions

INSERT INTO Requirements (RequirementId, RequirementType) VALUES 
("REQUIREMENTID_FATE_QIN_CITYS_HAVE_SPACEPORT", "REQUIREMENT_CITY_HAS_DISTRICT");

INSERT INTO RequirementArguments (RequirementId, Name, Value) VALUES 
("REQUIREMENTID_FATE_QIN_CITYS_HAVE_SPACEPORT", "DistrictType", "DISTRICT_SPACEPORT");

-- Conditions Group

INSERT INTO RequirementSets (RequirementSetId, RequirementSetType) VALUES 
("REQUIREMENT_SET_FATE_QIN_CITYS_HAVE_SPACEPORT", "REQUIREMENTSET_TEST_ALL");

INSERT INTO RequirementSetRequirements (RequirementSetId, RequirementId) VALUES 
("REQUIREMENT_SET_FATE_QIN_CITYS_HAVE_SPACEPORT", "REQUIREMENTID_FATE_QIN_CITYS_HAVE_SPACEPORT");





INSERT INTO TraitModifiers (TraitType, ModifierId) VALUES 
("TRAIT_CIVILIZATION_QIN_DESC", "TRAIT_FATE_QIN_SPACE_SCIENCE");

INSERT INTO Modifiers (ModifierId, ModifierType, RunOnce, Permanent, NewOnly, OwnerRequirementSetId, SubjectRequirementSetId) VALUES 
("TRAIT_FATE_QIN_SPACE_SCIENCE", "MODIFIER_PLAYER_CITIES_ADJUST_CITY_YIELD_MODIFIER", 0, 0, 0, NULL, "REQUIREMENT_SET_FATE_QIN_CITYS_HAVE_SPACEPORT");

INSERT INTO ModifierArguments (ModifierId, Name, Value) VALUES 
("TRAIT_FATE_QIN_SPACE_SCIENCE", "Amount", 25), 
("TRAIT_FATE_QIN_SPACE_SCIENCE", "YieldType", "YIELD_SCIENCE");





-- Single Conditions

INSERT INTO Requirements (RequirementId, RequirementType, Inverse) VALUES 
("REQUIREMENTID_FATE_QIN_CITYS_NOT_HAVE_SPACEPORT", "REQUIREMENT_CITY_HAS_DISTRICT", 1);

INSERT INTO RequirementArguments (RequirementId, Name, Value) VALUES 
("REQUIREMENTID_FATE_QIN_CITYS_NOT_HAVE_SPACEPORT", "DistrictType", "DISTRICT_SPACEPORT");

-- Conditions Group

INSERT INTO RequirementSets (RequirementSetId, RequirementSetType) VALUES 
("REQUIREMENT_SET_FATE_QIN_CITYS_NOT_HAVE_SPACEPORT", "REQUIREMENTSET_TEST_ALL");

INSERT INTO RequirementSetRequirements (RequirementSetId, RequirementId) VALUES 
("REQUIREMENT_SET_FATE_QIN_CITYS_NOT_HAVE_SPACEPORT", "REQUIREMENTID_FATE_QIN_CITYS_NOT_HAVE_SPACEPORT");



------------------------------------------------



INSERT INTO TraitModifiers (TraitType, ModifierId) VALUES 
("TRAIT_CIVILIZATION_QIN_DESC", "TRAIT_FATE_QIN_SPACE_CULTURE");

INSERT INTO Modifiers (ModifierId, ModifierType, RunOnce, Permanent, NewOnly, OwnerRequirementSetId, SubjectRequirementSetId) VALUES 
("TRAIT_FATE_QIN_SPACE_CULTURE", "MODIFIER_PLAYER_CITIES_ADJUST_CITY_YIELD_MODIFIER", 0, 0, 0, NULL, "REQUIREMENT_SET_FATE_QIN_CITYS_NOT_HAVE_SPACEPORT");

INSERT INTO ModifierArguments (ModifierId, Name, Value) VALUES 
("TRAIT_FATE_QIN_SPACE_CULTURE", "Amount", 25), 
("TRAIT_FATE_QIN_SPACE_CULTURE", "YieldType", "YIELD_CULTURE");





-- Single Conditions

INSERT INTO Requirements (RequirementId, RequirementType) VALUES 
("REQUIREMENTID_FATE_QIN_CITYS_HAVE_AIRPORT", "REQUIREMENT_CITY_HAS_DISTRICT");

INSERT INTO RequirementArguments (RequirementId, Name, Value) VALUES 
("REQUIREMENTID_FATE_QIN_CITYS_HAVE_AIRPORT", "DistrictType", "DISTRICT_AERODROME");

-- Conditions Group

INSERT INTO RequirementSets (RequirementSetId, RequirementSetType) VALUES 
("REQUIREMENT_SET_FATE_QIN_CITYS_HAVE_AIRPORT", "REQUIREMENTSET_TEST_ALL");

INSERT INTO RequirementSetRequirements (RequirementSetId, RequirementId) VALUES 
("REQUIREMENT_SET_FATE_QIN_CITYS_HAVE_AIRPORT", "REQUIREMENTID_FATE_QIN_CITYS_HAVE_AIRPORT");





INSERT INTO TraitModifiers (TraitType, ModifierId) VALUES 
("TRAIT_CIVILIZATION_QIN_DESC", "TRAIT_FATE_QIN_AIRPORT_CULTURE_BORDER");

INSERT INTO Modifiers (ModifierId, ModifierType, RunOnce, Permanent, NewOnly, OwnerRequirementSetId, SubjectRequirementSetId) VALUES 
("TRAIT_FATE_QIN_AIRPORT_CULTURE_BORDER", "MODIFIER_FATE_QIN_CITIES_CULTURE_BORDER_EXPANSION", 0, 0, 0, NULL, "REQUIREMENT_SET_FATE_QIN_CITYS_HAVE_AIRPORT");

INSERT INTO ModifierArguments (ModifierId, Name, Value) VALUES 
("TRAIT_FATE_QIN_AIRPORT_CULTURE_BORDER", "Amount", 100);

-- Custom ModifierType

INSERT INTO Types (Type, Kind) VALUES 
("MODIFIER_FATE_QIN_CITIES_CULTURE_BORDER_EXPANSION", "KIND_MODIFIER");

INSERT INTO DynamicModifiers (ModifierType, CollectionType, EffectType) VALUES 
("MODIFIER_FATE_QIN_CITIES_CULTURE_BORDER_EXPANSION", "COLLECTION_PLAYER_CITIES", "EFFECT_ADJUST_CITY_CULTURE_BORDER_EXPANSION");


-- Single Conditions

INSERT INTO Requirements (RequirementId, RequirementType, Inverse) VALUES 
("REQUIREMENTID_FATE_QIN_CITYS_NOT_HAVE_AIRPORT", "REQUIREMENT_CITY_HAS_DISTRICT", 1);

INSERT INTO RequirementArguments (RequirementId, Name, Value) VALUES 
("REQUIREMENTID_FATE_QIN_CITYS_NOT_HAVE_AIRPORT", "DistrictType", "DISTRICT_AERODROME");

-- Conditions Group

INSERT INTO RequirementSets (RequirementSetId, RequirementSetType) VALUES 
("REQUIREMENT_SET_FATE_QIN_CITYS_NOT_HAVE_AIRPORT", "REQUIREMENTSET_TEST_ALL");

INSERT INTO RequirementSetRequirements (RequirementSetId, RequirementId) VALUES 
("REQUIREMENT_SET_FATE_QIN_CITYS_NOT_HAVE_AIRPORT", "REQUIREMENTID_FATE_QIN_CITYS_NOT_HAVE_AIRPORT");




INSERT INTO TraitModifiers (TraitType, ModifierId) VALUES 
("TRAIT_CIVILIZATION_QIN_DESC", "TRAIT_FATE_QIN_AIRPORT_FOOD_GROWTH");

INSERT INTO Modifiers (ModifierId, ModifierType, RunOnce, Permanent, NewOnly, OwnerRequirementSetId, SubjectRequirementSetId) VALUES 
("TRAIT_FATE_QIN_AIRPORT_FOOD_GROWTH", "MODIFIER_PLAYER_CITIES_ADJUST_CITY_GROWTH", 0, 0, 0, NULL , "REQUIREMENT_SET_FATE_QIN_CITYS_NOT_HAVE_AIRPORT");

INSERT INTO ModifierArguments (ModifierId, Name, Value) VALUES 
("TRAIT_FATE_QIN_AIRPORT_FOOD_GROWTH", "Amount", 100);


---------------------------------------------------------------


-- Single Conditions

INSERT INTO Requirements (RequirementId, RequirementType) VALUES 
("REQUIREMENT_FATE_QIN_PLAYER_HAS_TEA", "REQUIREMENT_PLAYER_HAS_RESOURCE_OWNED"), 
("REQUIREMENT_FATE_QIN_PLAYER_HAS_SLIK", "REQUIREMENT_PLAYER_HAS_RESOURCE_OWNED"), 
("REQUIREMENT_FATE_QIN_PLAYER_HAS_JADE", "REQUIREMENT_PLAYER_HAS_RESOURCE_OWNED"), 
("REQUIREMENT_FATE_QIN_PLAYER_HAS_MERCURY", "REQUIREMENT_PLAYER_HAS_RESOURCE_OWNED");

INSERT INTO RequirementArguments (RequirementId, Name, Value) VALUES 
("REQUIREMENT_FATE_QIN_PLAYER_HAS_TEA", "ResourceType", "RESOURCE_TEA"), 
("REQUIREMENT_FATE_QIN_PLAYER_HAS_SLIK", "ResourceType", "RESOURCE_SILK"), 
("REQUIREMENT_FATE_QIN_PLAYER_HAS_JADE", "ResourceType", "RESOURCE_JADE"), 
("REQUIREMENT_FATE_QIN_PLAYER_HAS_MERCURY", "ResourceType", "RESOURCE_MERCURY");

-- Conditions Group

INSERT INTO RequirementSets (RequirementSetId, RequirementSetType) VALUES 
("REQUIREMENT_SET_FATE_QIN_PLAYER_HAS_TARGET_RESOURCE_FOR_RELIGIOUS", "REQUIREMENTSET_TEST_ALL");

INSERT INTO RequirementSets (RequirementSetId, RequirementSetType) VALUES 
("REQUIREMENT_SET_FATE_QIN_PLAYER_HAS_TARGET_RESOURCE_FOR_RELIGIOUS_RADIO", "REQUIREMENTSET_TEST_ALL");

INSERT INTO RequirementSetRequirements (RequirementSetId, RequirementId) VALUES 
("REQUIREMENT_SET_FATE_QIN_PLAYER_HAS_TARGET_RESOURCE_FOR_RELIGIOUS", "REQUIREMENT_FATE_QIN_PLAYER_HAS_TEA"), 
("REQUIREMENT_SET_FATE_QIN_PLAYER_HAS_TARGET_RESOURCE_FOR_RELIGIOUS", "REQUIREMENT_FATE_QIN_PLAYER_HAS_SLIK"), 
("REQUIREMENT_SET_FATE_QIN_PLAYER_HAS_TARGET_RESOURCE_FOR_RELIGIOUS", "REQUIREMENT_FATE_QIN_PLAYER_HAS_JADE"), 
("REQUIREMENT_SET_FATE_QIN_PLAYER_HAS_TARGET_RESOURCE_FOR_RELIGIOUS", "REQUIREMENT_FATE_QIN_PLAYER_HAS_MERCURY");

INSERT INTO RequirementSetRequirements (RequirementSetId, RequirementId) VALUES 
("REQUIREMENT_SET_FATE_QIN_PLAYER_HAS_TARGET_RESOURCE_FOR_RELIGIOUS_RADIO", "REQUIREMENT_FATE_QIN_PLAYER_HAS_TECH_RADIO");

INSERT INTO RequirementSetRequirements (RequirementSetId, RequirementId) VALUES 
("REQUIREMENT_SET_FATE_QIN_PLAYER_HAS_TARGET_RESOURCE_FOR_RELIGIOUS_RADIO", "REQUIREMENT_FATE_QIN_PLAYER_HAS_TEA"), 
("REQUIREMENT_SET_FATE_QIN_PLAYER_HAS_TARGET_RESOURCE_FOR_RELIGIOUS_RADIO", "REQUIREMENT_FATE_QIN_PLAYER_HAS_SLIK"), 
("REQUIREMENT_SET_FATE_QIN_PLAYER_HAS_TARGET_RESOURCE_FOR_RELIGIOUS_RADIO", "REQUIREMENT_FATE_QIN_PLAYER_HAS_JADE"), 
("REQUIREMENT_SET_FATE_QIN_PLAYER_HAS_TARGET_RESOURCE_FOR_RELIGIOUS_RADIO", "REQUIREMENT_FATE_QIN_PLAYER_HAS_MERCURY");

-- Single Conditions

INSERT INTO Requirements (RequirementId, RequirementType) VALUES 
("REQUIREMENT_FATE_QIN_PLAYER_HAS_TECH_RADIO", "REQUIREMENT_PLAYER_HAS_TECHNOLOGY");

INSERT INTO RequirementArguments (RequirementId, Name, Value) VALUES 
("REQUIREMENT_FATE_QIN_PLAYER_HAS_TECH_RADIO", "TechnologyType", "TECH_RADIO");

INSERT INTO RequirementSets (RequirementSetId, RequirementSetType) VALUES 
("REQUIREMENT_SET_FATE_QIN_PLAYER_HAS_TARGET_RESOURCE_FOR_RELIGIOUS_TEA", "REQUIREMENTSET_TEST_ALL");

INSERT INTO RequirementSetRequirements (RequirementSetId, RequirementId) VALUES 
("REQUIREMENT_SET_FATE_QIN_PLAYER_HAS_TARGET_RESOURCE_FOR_RELIGIOUS_TEA", "REQUIREMENT_FATE_QIN_PLAYER_HAS_TEA");

INSERT INTO RequirementSets (RequirementSetId, RequirementSetType) VALUES 
("REQUIREMENT_SET_FATE_QIN_PLAYER_HAS_TARGET_RESOURCE_FOR_RELIGIOUS_SLIK", "REQUIREMENTSET_TEST_ALL");

INSERT INTO RequirementSetRequirements (RequirementSetId, RequirementId) VALUES 
("REQUIREMENT_SET_FATE_QIN_PLAYER_HAS_TARGET_RESOURCE_FOR_RELIGIOUS_SLIK", "REQUIREMENT_FATE_QIN_PLAYER_HAS_SLIK");


INSERT INTO RequirementSets (RequirementSetId, RequirementSetType) VALUES 
("REQUIREMENT_SET_FATE_QIN_PLAYER_HAS_TARGET_RESOURCE_FOR_RELIGIOUS_JADE", "REQUIREMENTSET_TEST_ALL");

INSERT INTO RequirementSetRequirements (RequirementSetId, RequirementId) VALUES 
("REQUIREMENT_SET_FATE_QIN_PLAYER_HAS_TARGET_RESOURCE_FOR_RELIGIOUS_JADE", "REQUIREMENT_FATE_QIN_PLAYER_HAS_JADE");

INSERT INTO RequirementSets (RequirementSetId, RequirementSetType) VALUES 
("REQUIREMENT_SET_FATE_QIN_PLAYER_HAS_TARGET_RESOURCE_FOR_RELIGIOUS_MERCURY", "REQUIREMENTSET_TEST_ALL");

INSERT INTO RequirementSetRequirements (RequirementSetId, RequirementId) VALUES 
("REQUIREMENT_SET_FATE_QIN_PLAYER_HAS_TARGET_RESOURCE_FOR_RELIGIOUS_MERCURY", "REQUIREMENT_FATE_QIN_PLAYER_HAS_MERCURY");

INSERT INTO RequirementSets (RequirementSetId, RequirementSetType) VALUES 
("REQUIREMENT_SET_FATE_QIN_PLAYER_HAS_TARGET_RESOURCE_FOR_RELIGIOUS_TEA_RADIO", "REQUIREMENTSET_TEST_ALL");

INSERT INTO RequirementSetRequirements (RequirementSetId, RequirementId) VALUES 
("REQUIREMENT_SET_FATE_QIN_PLAYER_HAS_TARGET_RESOURCE_FOR_RELIGIOUS_TEA_RADIO", "REQUIREMENT_FATE_QIN_PLAYER_HAS_TEA"), 
("REQUIREMENT_SET_FATE_QIN_PLAYER_HAS_TARGET_RESOURCE_FOR_RELIGIOUS_TEA_RADIO", "REQUIREMENT_FATE_QIN_PLAYER_HAS_TECH_RADIO");

INSERT INTO RequirementSets (RequirementSetId, RequirementSetType) VALUES 
("REQUIREMENT_SET_FATE_QIN_PLAYER_HAS_TARGET_RESOURCE_FOR_RELIGIOUS_SLIK_RADIO", "REQUIREMENTSET_TEST_ALL");

INSERT INTO RequirementSetRequirements (RequirementSetId, RequirementId) VALUES 
("REQUIREMENT_SET_FATE_QIN_PLAYER_HAS_TARGET_RESOURCE_FOR_RELIGIOUS_SLIK_RADIO", "REQUIREMENT_FATE_QIN_PLAYER_HAS_SLIK"), 
("REQUIREMENT_SET_FATE_QIN_PLAYER_HAS_TARGET_RESOURCE_FOR_RELIGIOUS_SLIK_RADIO", "REQUIREMENT_FATE_QIN_PLAYER_HAS_TECH_RADIO");

INSERT INTO RequirementSets (RequirementSetId, RequirementSetType) VALUES 
("REQUIREMENT_SET_FATE_QIN_PLAYER_HAS_TARGET_RESOURCE_FOR_RELIGIOUS_JADE_RADIO", "REQUIREMENTSET_TEST_ALL");

INSERT INTO RequirementSetRequirements (RequirementSetId, RequirementId) VALUES 
("REQUIREMENT_SET_FATE_QIN_PLAYER_HAS_TARGET_RESOURCE_FOR_RELIGIOUS_JADE_RADIO", "REQUIREMENT_FATE_QIN_PLAYER_HAS_JADE"), 
("REQUIREMENT_SET_FATE_QIN_PLAYER_HAS_TARGET_RESOURCE_FOR_RELIGIOUS_JADE_RADIO", "REQUIREMENT_FATE_QIN_PLAYER_HAS_TECH_RADIO");

INSERT INTO RequirementSets (RequirementSetId, RequirementSetType) VALUES 
("REQUIREMENT_SET_FATE_QIN_PLAYER_HAS_TARGET_RESOURCE_FOR_RELIGIOUS_MERCURY_RADIO", "REQUIREMENTSET_TEST_ALL");

INSERT INTO RequirementSetRequirements (RequirementSetId, RequirementId) VALUES 
("REQUIREMENT_SET_FATE_QIN_PLAYER_HAS_TARGET_RESOURCE_FOR_RELIGIOUS_MERCURY_RADIO", "REQUIREMENT_FATE_QIN_PLAYER_HAS_MERCURY"), 
("REQUIREMENT_SET_FATE_QIN_PLAYER_HAS_TARGET_RESOURCE_FOR_RELIGIOUS_MERCURY_RADIO", "REQUIREMENT_FATE_QIN_PLAYER_HAS_TECH_RADIO");


-- ?????

--INSERT INTO TraitModifiers (TraitType, ModifierId) VALUES 
--("FATE_QIN_FIRST_EMPEROR_TRAIT", "TRAIT_FATE_QIN_RELIGION_ADJUST_RELIGIOUS_SPREAD_STRENGTH");
--
--INSERT INTO Modifiers (ModifierId, ModifierType, RunOnce, Permanent, NewOnly, OwnerRequirementSetId, SubjectRequirementSetId) VALUES 
--("TRAIT_FATE_QIN_RELIGION_ADJUST_RELIGIOUS_SPREAD_STRENGTH", "MODIFIER_PLAYER_RELIGION_ADJUST_RELIGIOUS_SPREAD_STRENGTH", 0, 0, 0, "REQUIREMENT_SET_FATE_QIN_PLAYER_HAS_TARGET_RESOURCE_FOR_RELIGIOUS", NULL);
--
--INSERT INTO ModifierArguments (ModifierId, Name, Value) VALUES 
--("TRAIT_FATE_QIN_RELIGION_ADJUST_RELIGIOUS_SPREAD_STRENGTH", "EnhancingTechType", "TECH_RADIO"), 
--("TRAIT_FATE_QIN_RELIGION_ADJUST_RELIGIOUS_SPREAD_STRENGTH", "SpreadMultiplier", 200), 
--("TRAIT_FATE_QIN_RELIGION_ADJUST_RELIGIOUS_SPREAD_STRENGTH", "TechEnabledSpreadMultiplier", 200);
--
--INSERT INTO TraitModifiers (TraitType, ModifierId) VALUES 
--("FATE_QIN_FIRST_EMPEROR_TRAIT", "TRAIT_FATE_QIN_RELIGION_ADJUST_RELIGIOUS_SPREAD_DISTANCE");
--
--INSERT INTO Modifiers (ModifierId, ModifierType, RunOnce, Permanent, NewOnly, OwnerRequirementSetId, SubjectRequirementSetId) VALUES 
--("TRAIT_FATE_QIN_RELIGION_ADJUST_RELIGIOUS_SPREAD_DISTANCE", "MODIFIER_PLAYER_RELIGION_ADJUST_RELIGIOUS_SPREAD_DISTANCE", 0, 0, 0, "REQUIREMENT_SET_FATE_QIN_PLAYER_HAS_TARGET_RESOURCE_FOR_RELIGIOUS", NULL);
--
--INSERT INTO ModifierArguments (ModifierId, Name, Value) VALUES 
--("TRAIT_FATE_QIN_RELIGION_ADJUST_RELIGIOUS_SPREAD_DISTANCE", "DistanceChange", 16);
--


---------------------------------------------------------







INSERT INTO TraitModifiers (TraitType, ModifierId) VALUES 
("FATE_QIN_FIRST_EMPEROR_TRAIT", "TRAIT_FATE_QIN_ALLY_TRADE_ROUTE_ORIGIN_SCIENCE");

INSERT INTO Modifiers (ModifierId, ModifierType, RunOnce, Permanent, NewOnly, OwnerRequirementSetId, SubjectRequirementSetId) VALUES 
("TRAIT_FATE_QIN_ALLY_TRADE_ROUTE_ORIGIN_SCIENCE", "MODIFIER_PLAYER_ADJUST_TRADE_ROUTE_ORIGIN_YIELD_FOR_ALLY_ROUTE", 0, 0, 0, NULL, NULL);

INSERT INTO ModifierArguments (ModifierId, Name, Value) VALUES 
("TRAIT_FATE_QIN_ALLY_TRADE_ROUTE_ORIGIN_SCIENCE", "Amount", 16), 
("TRAIT_FATE_QIN_ALLY_TRADE_ROUTE_ORIGIN_SCIENCE", "YieldType", "YIELD_SCIENCE");

INSERT INTO TraitModifiers (TraitType, ModifierId) VALUES 
("FATE_QIN_FIRST_EMPEROR_TRAIT", "TRAIT_FATE_QIN_ALLY_TRADE_ROUTE_ORIGIN_CULTURE");

INSERT INTO Modifiers (ModifierId, ModifierType, RunOnce, Permanent, NewOnly, OwnerRequirementSetId, SubjectRequirementSetId) VALUES 
("TRAIT_FATE_QIN_ALLY_TRADE_ROUTE_ORIGIN_CULTURE", "MODIFIER_PLAYER_ADJUST_TRADE_ROUTE_ORIGIN_YIELD_FOR_ALLY_ROUTE", 0, 0, 0, NULL, NULL);

INSERT INTO ModifierArguments (ModifierId, Name, Value) VALUES 
("TRAIT_FATE_QIN_ALLY_TRADE_ROUTE_ORIGIN_CULTURE", "Amount", 16), 
("TRAIT_FATE_QIN_ALLY_TRADE_ROUTE_ORIGIN_CULTURE", "YieldType", "YIELD_CULTURE");


INSERT INTO TraitModifiers (TraitType, ModifierId) VALUES 
("FATE_QIN_FIRST_EMPEROR_TRAIT", "TRAIT_FATE_QIN_ALLY_TRADE_ROUTE_DESTNATION_CULTURE");

INSERT INTO Modifiers (ModifierId, ModifierType, RunOnce, Permanent, NewOnly, OwnerRequirementSetId, SubjectRequirementSetId) VALUES 
("TRAIT_FATE_QIN_ALLY_TRADE_ROUTE_DESTNATION_CULTURE", "MODIFIER_PLAYER_ADJUST_TRADE_ROUTE_DESTINATION_YIELD_FOR_ALLY_ROUTE", 0, 0, 0, NULL, NULL);

INSERT INTO ModifierArguments (ModifierId, Name, Value) VALUES 
("TRAIT_FATE_QIN_ALLY_TRADE_ROUTE_DESTNATION_CULTURE", "Amount", 16), 
("TRAIT_FATE_QIN_ALLY_TRADE_ROUTE_DESTNATION_CULTURE", "YieldType", "YIELD_CULTURE");


INSERT INTO TraitModifiers (TraitType, ModifierId) VALUES 
("FATE_QIN_FIRST_EMPEROR_TRAIT", "TRAIT_FATE_QIN_ALLY_TRADE_ROUTE_DESTNATION_SCIENCE");

INSERT INTO Modifiers (ModifierId, ModifierType, RunOnce, Permanent, NewOnly, OwnerRequirementSetId, SubjectRequirementSetId) VALUES 
("TRAIT_FATE_QIN_ALLY_TRADE_ROUTE_DESTNATION_SCIENCE", "MODIFIER_PLAYER_ADJUST_TRADE_ROUTE_DESTINATION_YIELD_FOR_ALLY_ROUTE", 0, 0, 0, NULL, NULL);

INSERT INTO ModifierArguments (ModifierId, Name, Value) VALUES 
("TRAIT_FATE_QIN_ALLY_TRADE_ROUTE_DESTNATION_SCIENCE", "Amount", 16), 
("TRAIT_FATE_QIN_ALLY_TRADE_ROUTE_DESTNATION_SCIENCE", "YieldType", "YIELD_SCIENCE");


---------------------------------------------------------------------------------------------------------------------





-- Single Conditions

INSERT INTO Requirements (RequirementId, RequirementType) VALUES 
("REQUIREMENT_FATE_QIN_PLAYER_HAS_TECH_CARTOGRAPHY", "REQUIREMENT_PLAYER_HAS_TECHNOLOGY"), 
("REQUIREMENT_FATE_QIN_PLAYER_HAS_TECH_PRINTING", "REQUIREMENT_PLAYER_HAS_TECHNOLOGY"), 
("REQUIREMENT_FATE_QIN_PLAYER_HAS_TECH_GUNPOWDER", "REQUIREMENT_PLAYER_HAS_TECHNOLOGY"), 
("REQUIREMENT_FATE_QIN_PLAYER_HAS_TECH_ASTRONOMY", "REQUIREMENT_PLAYER_HAS_TECHNOLOGY");

INSERT INTO RequirementArguments (RequirementId, Name, Value) VALUES 
("REQUIREMENT_FATE_QIN_PLAYER_HAS_TECH_CARTOGRAPHY", "TechnologyType", "TECH_CARTOGRAPHY"), 
("REQUIREMENT_FATE_QIN_PLAYER_HAS_TECH_PRINTING", "TechnologyType", "TECH_PRINTING"), 
("REQUIREMENT_FATE_QIN_PLAYER_HAS_TECH_GUNPOWDER", "TechnologyType", "TECH_GUNPOWDER"), 
("REQUIREMENT_FATE_QIN_PLAYER_HAS_TECH_ASTRONOMY", "TechnologyType", "TECH_ASTRONOMY");

-- Conditions Group

INSERT INTO RequirementSets (RequirementSetId, RequirementSetType) VALUES 
("REQUIREMENT_SET_FATE_QIN_PLAYER_GREAT_PERSON_WITH_TECH", "REQUIREMENTSET_TEST_ALL");

INSERT INTO RequirementSetRequirements (RequirementSetId, RequirementId) VALUES 
("REQUIREMENT_SET_FATE_QIN_PLAYER_GREAT_PERSON_WITH_TECH", "REQUIREMENT_FATE_QIN_PLAYER_HAS_TECH_CARTOGRAPHY"), 
("REQUIREMENT_SET_FATE_QIN_PLAYER_GREAT_PERSON_WITH_TECH", "REQUIREMENT_FATE_QIN_PLAYER_HAS_TECH_PRINTING"), 
("REQUIREMENT_SET_FATE_QIN_PLAYER_GREAT_PERSON_WITH_TECH", "REQUIREMENT_FATE_QIN_PLAYER_HAS_TECH_GUNPOWDER"), 
("REQUIREMENT_SET_FATE_QIN_PLAYER_GREAT_PERSON_WITH_TECH", "REQUIREMENT_FATE_QIN_PLAYER_HAS_TECH_ASTRONOMY");










INSERT INTO TraitModifiers (TraitType, ModifierId) VALUES 
("FATE_QIN_FIRST_EMPEROR_TRAIT", "TRAIT_FATE_QIN_GREAT_PERSON_WITH_TECH");

INSERT INTO Modifiers (ModifierId, ModifierType, RunOnce, Permanent, NewOnly, OwnerRequirementSetId, SubjectRequirementSetId) VALUES 
("TRAIT_FATE_QIN_GREAT_PERSON_WITH_TECH", "MODIFIER_PLAYER_GOVERNMENT_FLAT_BONUS", 0, 0, 0, "REQUIREMENT_SET_FATE_QIN_PLAYER_GREAT_PERSON_WITH_TECH", NULL);

INSERT INTO ModifierArguments (ModifierId, Name, Value) VALUES 
("TRAIT_FATE_QIN_GREAT_PERSON_WITH_TECH", "Amount", 50), 
("TRAIT_FATE_QIN_GREAT_PERSON_WITH_TECH", "BonusType", "GOVERNMENTBONUS_GREAT_PEOPLE");



--INSERT INTO TraitModifiers (TraitType, ModifierId) VALUES 
--("FATE_QIN_FIRST_EMPEROR_TRAIT", "TRAIT_FATE_QIN_GREAT_PERSON_WITH_TECH_CREATE_UNIT_ATTACH_MODIFIER");
--
--INSERT INTO Modifiers (ModifierId, ModifierType, RunOnce, Permanent, NewOnly, OwnerRequirementSetId, SubjectRequirementSetId) VALUES 
--("TRAIT_FATE_QIN_GREAT_PERSON_WITH_TECH_CREATE_UNIT_ATTACH_MODIFIER", "MODIFIER_FATE_QIN_DISTRICTS_TECH_UNITS_CREATE_ATTACH_MODIFIER", 0, 0, 0, "REQUIREMENT_SET_FATE_QIN_PLAYER_GREAT_PERSON_WITH_TECH", NULL);
--
--INSERT INTO ModifierArguments (ModifierId, Name, Value) VALUES 
--("TRAIT_FATE_QIN_GREAT_PERSON_WITH_TECH_CREATE_UNIT_ATTACH_MODIFIER", "ModifierId", "TRAIT_FATE_QIN_GREAT_PERSON_WITH_TECH_CREATE_UNIT");
--
---- Custom ModifierType
--
--INSERT INTO Types (Type, Kind) VALUES 
--("MODIFIER_FATE_QIN_DISTRICTS_TECH_UNITS_CREATE_ATTACH_MODIFIER", "KIND_MODIFIER");
--
--INSERT INTO DynamicModifiers (ModifierType, CollectionType, EffectType) VALUES 
--("MODIFIER_FATE_QIN_DISTRICTS_TECH_UNITS_CREATE_ATTACH_MODIFIER", "COLLECTION_PLAYER_DISTRICTS", "EFFECT_ATTACH_MODIFIER");
--
--
--
--INSERT INTO Modifiers (ModifierId, ModifierType, RunOnce, Permanent, NewOnly, OwnerRequirementSetId, SubjectRequirementSetId) VALUES 
--("TRAIT_FATE_QIN_GREAT_PERSON_WITH_TECH_CREATE_UNIT", "MODIFIER_PLAYER_DISTRICT_CREATE_UNIT", 0, 0, 0, NULL, NULL);
--
--INSERT INTO ModifierArguments (ModifierId, Name, Value) VALUES 
--("TRAIT_FATE_QIN_GREAT_PERSON_WITH_TECH_CREATE_UNIT", "DistrictType", "DISTRICT_INDUSTRIAL_ZONE_FATE_QIN_X"), 
--("TRAIT_FATE_QIN_GREAT_PERSON_WITH_TECH_CREATE_UNIT", "UnitType", "UNIT_FATE_QIN_CHINESE_CROUCHING_TIGER");



-----------------------------------------------------------------------------------



-- Single Conditions

INSERT INTO Requirements (RequirementId, RequirementType) VALUES 
("REQUIREMENT_FATE_QIN_PLAYER_HAS_WONDER_FORBIDDEN", "REQUIREMENT_PLAYER_HAS_BUILDING");

INSERT INTO RequirementArguments (RequirementId, Name, Value) VALUES 
("REQUIREMENT_FATE_QIN_PLAYER_HAS_WONDER_FORBIDDEN", "BuildingType", "BUILDING_FORBIDDEN_CITY");

-- Conditions Group

INSERT INTO RequirementSets (RequirementSetId, RequirementSetType) VALUES 
("REQUIREMENT_SET_FATE_QIN_PLAYER_HAS_WONDER_FORBIDDEN", "REQUIREMENTSET_TEST_ALL");

INSERT INTO RequirementSetRequirements (RequirementSetId, RequirementId) VALUES 
("REQUIREMENT_SET_FATE_QIN_PLAYER_HAS_WONDER_FORBIDDEN", "REQUIREMENT_FATE_QIN_PLAYER_HAS_WONDER_FORBIDDEN");



INSERT INTO TraitModifiers (TraitType, ModifierId) VALUES 
("TRAIT_CIVILIZATION_QIN_DESC", "REQUIREMENT_SET_FATE_QIN_PLAYER_HAS_WONDER_FORBIDDEN_SPY_DEFENSE");

INSERT INTO Modifiers (ModifierId, ModifierType, RunOnce, Permanent, NewOnly, OwnerRequirementSetId, SubjectRequirementSetId) VALUES 
("REQUIREMENT_SET_FATE_QIN_PLAYER_HAS_WONDER_FORBIDDEN_SPY_DEFENSE", "MODIFIER_PLAYER_ADJUST_SPY_BONUS", 0, 0, 0, "REQUIREMENT_SET_FATE_QIN_PLAYER_HAS_WONDER_FORBIDDEN", NULL);

INSERT INTO ModifierArguments (ModifierId, Name, Value) VALUES 
("REQUIREMENT_SET_FATE_QIN_PLAYER_HAS_WONDER_FORBIDDEN_SPY_DEFENSE", "Amount", 10), 
("REQUIREMENT_SET_FATE_QIN_PLAYER_HAS_WONDER_FORBIDDEN_SPY_DEFENSE", "Offense", 1);

INSERT INTO TraitModifiers (TraitType, ModifierId) VALUES 
("TRAIT_CIVILIZATION_QIN_DESC", "REQUIREMENT_SET_FATE_QIN_PLAYER_HAS_WONDER_FORBIDDEN_SPY_OFFENSE");

INSERT INTO Modifiers (ModifierId, ModifierType, RunOnce, Permanent, NewOnly, OwnerRequirementSetId, SubjectRequirementSetId) VALUES 
("REQUIREMENT_SET_FATE_QIN_PLAYER_HAS_WONDER_FORBIDDEN_SPY_OFFENSE", "MODIFIER_PLAYER_ADJUST_SPY_BONUS", 0, 0, 0, "REQUIREMENT_SET_FATE_QIN_PLAYER_HAS_WONDER_FORBIDDEN", NULL);

INSERT INTO ModifierArguments (ModifierId, Name, Value) VALUES 
("REQUIREMENT_SET_FATE_QIN_PLAYER_HAS_WONDER_FORBIDDEN_SPY_OFFENSE", "Amount", 10), 
("REQUIREMENT_SET_FATE_QIN_PLAYER_HAS_WONDER_FORBIDDEN_SPY_OFFENSE", "Offense", 0);


INSERT INTO TraitModifiers (TraitType, ModifierId) VALUES 
("TRAIT_CIVILIZATION_QIN_DESC", "REQUIREMENT_SET_FATE_QIN_PLAYER_HAS_WONDER_FORBIDDEN_SLOTS_1");

INSERT INTO Modifiers (ModifierId, ModifierType, RunOnce, Permanent, NewOnly, OwnerRequirementSetId, SubjectRequirementSetId) VALUES 
("REQUIREMENT_SET_FATE_QIN_PLAYER_HAS_WONDER_FORBIDDEN_SLOTS_1", "MODIFIER_PLAYER_CULTURE_ADJUST_GOVERNMENT_SLOTS_MODIFIER", 0, 0, 0, "REQUIREMENT_SET_FATE_QIN_PLAYER_HAS_WONDER_FORBIDDEN", NULL);

INSERT INTO ModifierArguments (ModifierId, Name, Value) VALUES 
("REQUIREMENT_SET_FATE_QIN_PLAYER_HAS_WONDER_FORBIDDEN_SLOTS_1", "GovernmentSlotType", "SLOT_WILDCARD");


INSERT INTO TraitModifiers (TraitType, ModifierId) VALUES 
("TRAIT_CIVILIZATION_QIN_DESC", "REQUIREMENT_SET_FATE_QIN_PLAYER_HAS_WONDER_FORBIDDEN_SLOTS_2");

INSERT INTO Modifiers (ModifierId, ModifierType, RunOnce, Permanent, NewOnly, OwnerRequirementSetId, SubjectRequirementSetId) VALUES 
("REQUIREMENT_SET_FATE_QIN_PLAYER_HAS_WONDER_FORBIDDEN_SLOTS_2", "MODIFIER_PLAYER_CULTURE_ADJUST_GOVERNMENT_SLOTS_MODIFIER", 0, 0, 0, "REQUIREMENT_SET_FATE_QIN_PLAYER_HAS_WONDER_FORBIDDEN", NULL);

INSERT INTO ModifierArguments (ModifierId, Name, Value) VALUES 
("REQUIREMENT_SET_FATE_QIN_PLAYER_HAS_WONDER_FORBIDDEN_SLOTS_2", "GovernmentSlotType", "SLOT_WILDCARD");


INSERT INTO TraitModifiers (TraitType, ModifierId) VALUES 
("TRAIT_CIVILIZATION_QIN_DESC", "REQUIREMENT_SET_FATE_QIN_PLAYER_HAS_WONDER_FORBIDDEN_SLOTS_3");

INSERT INTO Modifiers (ModifierId, ModifierType, RunOnce, Permanent, NewOnly, OwnerRequirementSetId, SubjectRequirementSetId) VALUES 
("REQUIREMENT_SET_FATE_QIN_PLAYER_HAS_WONDER_FORBIDDEN_SLOTS_3", "MODIFIER_PLAYER_CULTURE_ADJUST_GOVERNMENT_SLOTS_MODIFIER", 0, 0, 0, "REQUIREMENT_SET_FATE_QIN_PLAYER_HAS_WONDER_FORBIDDEN", NULL);

INSERT INTO ModifierArguments (ModifierId, Name, Value) VALUES 
("REQUIREMENT_SET_FATE_QIN_PLAYER_HAS_WONDER_FORBIDDEN_SLOTS_3", "GovernmentSlotType", "SLOT_WILDCARD");

-----------------------------------------------------------------------
-- Single Conditions

INSERT INTO Requirements (RequirementId, RequirementType) VALUES 
("REQUIREMENT_FATE_QIN_PLAYER_HAS_WONDER_TERRACOTTA_ARMY", "REQUIREMENT_PLAYER_HAS_BUILDING");

INSERT INTO RequirementArguments (RequirementId, Name, Value) VALUES 
("REQUIREMENT_FATE_QIN_PLAYER_HAS_WONDER_TERRACOTTA_ARMY", "BuildingType", "BUILDING_TERRACOTTA_ARMY");

-- Conditions Group

INSERT INTO RequirementSets (RequirementSetId, RequirementSetType) VALUES 
("REQUIREMENT_SET_FATE_QIN_PLAYER_HAS_WONDER_TERRACOTTA_ARMY", "REQUIREMENTSET_TEST_ALL");

INSERT INTO RequirementSetRequirements (RequirementSetId, RequirementId) VALUES 
("REQUIREMENT_SET_FATE_QIN_PLAYER_HAS_WONDER_TERRACOTTA_ARMY", "REQUIREMENT_FATE_QIN_PLAYER_HAS_WONDER_TERRACOTTA_ARMY");


INSERT INTO TraitModifiers (TraitType, ModifierId) VALUES 
("TRAIT_CIVILIZATION_QIN_DESC", "REQUIREMENT_SET_FATE_QIN_PLAYER_HAS_WONDER_TERRACOTTA_ARMY_COPY_TANK");

INSERT INTO Modifiers (ModifierId, ModifierType, RunOnce, Permanent, NewOnly, OwnerRequirementSetId, SubjectRequirementSetId) VALUES 
("REQUIREMENT_SET_FATE_QIN_PLAYER_HAS_WONDER_TERRACOTTA_ARMY_COPY_TANK", "MODIFIER_PLAYER_CITIES_ADJUST_EXTRA_UNIT_COPY", 0, 0, 0, "REQUIREMENT_SET_FATE_QIN_PLAYER_HAS_WONDER_TERRACOTTA_ARMY", NULL);

INSERT INTO ModifierArguments (ModifierId, Name, Value) VALUES 
("REQUIREMENT_SET_FATE_QIN_PLAYER_HAS_WONDER_TERRACOTTA_ARMY_COPY_TANK", "Amount", 2), 
("REQUIREMENT_SET_FATE_QIN_PLAYER_HAS_WONDER_TERRACOTTA_ARMY_COPY_TANK", "UnitType", "UNIT_FATE_QIN_THE_MORE_THE_BETTER_TANK");

-- ?????


INSERT INTO TraitModifiers (TraitType, ModifierId) VALUES 
("TRAIT_CIVILIZATION_QIN_DESC", "REQUIREMENT_SET_FATE_QIN_PLAYER_HAS_WONDER_TERRACOTTA_ARMY_COPY_TIGER");

INSERT INTO Modifiers (ModifierId, ModifierType, RunOnce, Permanent, NewOnly, OwnerRequirementSetId, SubjectRequirementSetId) VALUES 
("REQUIREMENT_SET_FATE_QIN_PLAYER_HAS_WONDER_TERRACOTTA_ARMY_COPY_TIGER", "MODIFIER_PLAYER_CITIES_ADJUST_EXTRA_UNIT_COPY", 0, 0, 0, "REQUIREMENT_SET_FATE_QIN_PLAYER_HAS_WONDER_TERRACOTTA_ARMY", NULL);

INSERT INTO ModifierArguments (ModifierId, Name, Value) VALUES 
("REQUIREMENT_SET_FATE_QIN_PLAYER_HAS_WONDER_TERRACOTTA_ARMY_COPY_TIGER", "Amount", 2), 
("REQUIREMENT_SET_FATE_QIN_PLAYER_HAS_WONDER_TERRACOTTA_ARMY_COPY_TIGER", "UnitType", "UNIT_FATE_QIN_CHINESE_CROUCHING_TIGER");

INSERT INTO TraitModifiers (TraitType, ModifierId) VALUES 
("TRAIT_CIVILIZATION_QIN_DESC", "REQUIREMENT_SET_FATE_QIN_PLAYER_HAS_WONDER_TERRACOTTA_ARMY_COPY_MAINTENANCE");

INSERT INTO Modifiers (ModifierId, ModifierType, RunOnce, Permanent, NewOnly, OwnerRequirementSetId, SubjectRequirementSetId) VALUES 
("REQUIREMENT_SET_FATE_QIN_PLAYER_HAS_WONDER_TERRACOTTA_ARMY_COPY_MAINTENANCE", "MODIFIER_PLAYER_ADJUST_UNIT_MAINTENANCE_DISCOUNT", 0, 0, 0, "REQUIREMENT_SET_FATE_QIN_PLAYER_HAS_WONDER_TERRACOTTA_ARMY", NULL);

INSERT INTO ModifierArguments (ModifierId, Name, Value) VALUES 
("REQUIREMENT_SET_FATE_QIN_PLAYER_HAS_WONDER_TERRACOTTA_ARMY_COPY_MAINTENANCE", "Amount", 99999);

---------------------------------------------------------------------------

-- Single Conditions

INSERT INTO Requirements (RequirementId, RequirementType) VALUES 
("REQUIREMENT_FATE_QIN_HAS_DISTRICT_WONDER", "REQUIREMENT_CITY_HAS_DISTRICT");

INSERT INTO RequirementArguments (RequirementId, Name, Value) VALUES 
("REQUIREMENT_FATE_QIN_HAS_DISTRICT_WONDER", "DistrictType", "DISTRICT_WONDER");

-- Conditions Group

INSERT INTO RequirementSets (RequirementSetId, RequirementSetType) VALUES 
("REQUIREMENT_SET_FATE_QIN_HAS_DISTRICT_WONDER", "REQUIREMENTSET_TEST_ALL");

INSERT INTO RequirementSetRequirements (RequirementSetId, RequirementId) VALUES 
("REQUIREMENT_SET_FATE_QIN_HAS_DISTRICT_WONDER", "REQUIREMENT_FATE_QIN_HAS_DISTRICT_WONDER");



INSERT INTO TraitModifiers (TraitType, ModifierId) VALUES 
("FATE_QIN_FIRST_EMPEROR_TRAIT", "TRAIT_FATE_QIN_CITY_HAS_DISTRICT_WONDER_UNIT");

INSERT INTO Modifiers (ModifierId, ModifierType, RunOnce, Permanent, NewOnly, OwnerRequirementSetId, SubjectRequirementSetId) VALUES 
("TRAIT_FATE_QIN_CITY_HAS_DISTRICT_WONDER_UNIT", "MODIFIER_CITY_TRAINED_UNITS_ADJUST_XP_BONUS", 0, 0, 0, "REQUIREMENT_SET_FATE_QIN_HAS_DISTRICT_WONDER", NULL);

INSERT INTO ModifierArguments (ModifierId, Name, Value) VALUES 
("TRAIT_FATE_QIN_CITY_HAS_DISTRICT_WONDER_UNIT", "Amount", 50);

INSERT INTO TraitModifiers (TraitType, ModifierId) VALUES 
("FATE_QIN_FIRST_EMPEROR_TRAIT", "TRAIT_FATE_QIN_CITY_HAS_DISTRICT_WONDER_AMENITY");

INSERT INTO Modifiers (ModifierId, ModifierType, RunOnce, Permanent, NewOnly, OwnerRequirementSetId, SubjectRequirementSetId) VALUES 
("TRAIT_FATE_QIN_CITY_HAS_DISTRICT_WONDER_AMENITY", "MODIFIER_PLAYER_CITIES_ADJUST_POLICY_AMENITY", 0, 0, 0, "REQUIREMENT_SET_FATE_QIN_HAS_DISTRICT_WONDER", NULL);

INSERT INTO ModifierArguments (ModifierId, Name, Value) VALUES 
("TRAIT_FATE_QIN_CITY_HAS_DISTRICT_WONDER_AMENITY", "Amount", 6);

INSERT INTO TraitModifiers (TraitType, ModifierId) VALUES 
("FATE_QIN_FIRST_EMPEROR_TRAIT", "TRAIT_FATE_QIN_CITY_HAS_DISTRICT_WONDER_APPEAL");

INSERT INTO Modifiers (ModifierId, ModifierType, RunOnce, Permanent, NewOnly, OwnerRequirementSetId, SubjectRequirementSetId) VALUES 
("TRAIT_FATE_QIN_CITY_HAS_DISTRICT_WONDER_APPEAL", "MODIFIER_PLAYER_CITIES_ADJUST_CITY_APPEAL", 0, 0, 0, "REQUIREMENT_SET_FATE_QIN_HAS_DISTRICT_WONDER", NULL);

INSERT INTO ModifierArguments (ModifierId, Name, Value) VALUES 
("TRAIT_FATE_QIN_CITY_HAS_DISTRICT_WONDER_APPEAL", "Amount", 6);


------------------------------------------------------------------

INSERT INTO TraitModifiers (TraitType, ModifierId) VALUES 
("FATE_QIN_FIRST_EMPEROR_TRAIT", "FATE_QIN_FIRST_EMPEROR_TRAIT_PLAYER_CITIES_GRANT_ROAD_TO_CAPITAL");

INSERT INTO Modifiers (ModifierId, ModifierType, RunOnce, Permanent, NewOnly, OwnerRequirementSetId, SubjectRequirementSetId) VALUES 
("FATE_QIN_FIRST_EMPEROR_TRAIT_PLAYER_CITIES_GRANT_ROAD_TO_CAPITAL", "MODIFIER_PLAYER_CITIES_GRANT_ROAD_TO_CAPITAL", 0, 0, 0, NULL, NULL);


INSERT INTO TraitModifiers (TraitType, ModifierId) VALUES 
("FATE_QIN_FIRST_EMPEROR_TRAIT", "FATE_QIN_FIRST_EMPEROR_TRAIT_PLAYER_CAPTIAL_DISTRICT_PRODUCTION");

INSERT INTO Modifiers (ModifierId, ModifierType, RunOnce, Permanent, NewOnly, OwnerRequirementSetId, SubjectRequirementSetId) VALUES 
("FATE_QIN_FIRST_EMPEROR_TRAIT_PLAYER_CAPTIAL_DISTRICT_PRODUCTION", "MODIFIER_PLAYER_CAPITAL_CITY_ADJUST_DISTRICT_PRODUCTION", 0, 0, 0, NULL, NULL);

INSERT INTO ModifierArguments (ModifierId, Name, Value) VALUES 
("FATE_QIN_FIRST_EMPEROR_TRAIT_PLAYER_CAPTIAL_DISTRICT_PRODUCTION", "Amount", 100);


------------------------------------------------------------------

